epoch,val_error1         ,val_error5         ,val_loss          ,train_error1       ,train_error5       ,train_loss
1    ,0.92694            ,0.79196            ,5.0863229942321775,0.9691515625987869 ,0.9024217763960514 ,5.194215297698975
2    ,0.84798            ,0.64942            ,4.344557933807373 ,0.8917580612051357 ,0.7312208322568408 ,4.6394782066345215
3    ,0.79518            ,0.56966            ,3.918274688720703 ,0.8360096693093094 ,0.637620232178943  ,4.290246963500977
4    ,0.7645             ,0.53264            ,3.7207171440124513,0.7973472623006993 ,0.5812154075151795 ,3.878848075866699
5    ,0.7288399999999999 ,0.48341999999999996,3.4715453433990477,0.7669827586879774 ,0.5411464703664706 ,3.8225533962249756
6    ,0.71114            ,0.45631999999999995,3.3348944759368897,0.7431380920676227 ,0.5109146582763996 ,3.610210657119751
7    ,0.67882            ,0.42196            ,3.149055213928223 ,0.7244309289889608 ,0.48710979911284014,3.518906593322754
8    ,0.66056            ,0.40468000000000004,3.046949291229248 ,0.7078585383482403 ,0.468443224029342  ,3.4073050022125244
9    ,0.6483             ,0.39134            ,2.984099130630493 ,0.6942670237369524 ,0.4520987505922335 ,3.4784841537475586
10   ,0.6424799999999999 ,0.38351999999999997,2.9332941341400147,0.6820664284983925 ,0.4388202318667278 ,3.2480106353759766
11   ,0.62024            ,0.35929999999999995,2.8101455545425416,0.671077228807798  ,0.4265845124015839 ,3.194042444229126
12   ,0.62322            ,0.36360000000000003,2.8272254133224486,0.6619051224391512 ,0.41677470618584467,3.1789815425872803
13   ,0.6067             ,0.34697999999999996,2.733345136642456 ,0.6519993100040822 ,0.40597283570369824,3.131643772125244
14   ,0.59494            ,0.33646            ,2.6742573881149294,0.6435897896214935 ,0.3979926114238035 ,3.0151114463806152
15   ,0.58558            ,0.32796000000000003,2.6289117765426635,0.6369036979566286 ,0.3902340600405724 ,2.9711194038391113
16   ,0.57946            ,0.32208000000000003,2.5959751081466673,0.6292434944078329 ,0.38312413604159334,2.9080209732055664
17   ,0.5768             ,0.32218            ,2.581822772026062 ,0.623398823104248  ,0.3769563218534352 ,2.9138689041137695
18   ,0.57328            ,0.31774            ,2.565135746002197 ,0.6174292656616975 ,0.37077758012811757,3.01961612701416
19   ,0.57454            ,0.31506            ,2.5592668724060057,0.6122051223610974 ,0.36568690888853683,2.9635941982269287
20   ,0.56064            ,0.30406            ,2.4844932556152344,0.6070629355891932 ,0.3610255337516498 ,2.742203712463379
21   ,0.55462            ,0.29882            ,2.460219621658325 ,0.6023945356069895 ,0.3565499267464741 ,2.9036617279052734
22   ,0.56726            ,0.31286            ,2.532589859962463 ,0.5985449203733784 ,0.35215627626999446,2.8002116680145264
23   ,0.5555399999999999 ,0.29988000000000004,2.464372224807739 ,0.5945415390811659 ,0.3486828805300167 ,2.6914124488830566
24   ,0.54002            ,0.28534000000000004,2.38246045589447  ,0.5908261764469425 ,0.3453093937012115 ,2.734339475631714
25   ,0.54522            ,0.28732            ,2.39137749671936  ,0.5872661409480575 ,0.3415752981461433 ,2.7598226070404053
26   ,0.5442400000000001 ,0.2893             ,2.3936502265930177,0.5835827803869441 ,0.33865530410945643,2.697506904602051
27   ,0.5400400000000001 ,0.28642            ,2.3866665363311768,0.5810608609182097 ,0.33529898912475886,2.831444501876831
28   ,0.54372            ,0.28668000000000005,2.3928034591674803,0.5775554631051221 ,0.3320800488929234 ,2.733222723007202
29   ,0.52512            ,0.27293999999999996,2.2980409622192384,0.5748009432025645 ,0.3291311749366008 ,2.5453953742980957
30   ,0.5256000000000001 ,0.27178            ,2.293926544189453 ,0.5720315930710048 ,0.32716031555605163,2.6768908500671387
31   ,0.53408            ,0.27914000000000005,2.340768675804138 ,0.5697196384234062 ,0.3248663132909293 ,2.6050772666931152
32   ,0.5232600000000001 ,0.26934            ,2.276133532524109 ,0.5677183380464842 ,0.32242556981252246,2.609675884246826
33   ,0.5186200000000001 ,0.26718            ,2.2687688207626344,0.564517350197125  ,0.31962109545437867,2.6683573722839355
34   ,0.52308            ,0.2694             ,2.2787072896957397,0.5626190808848495 ,0.3181349504006894 ,2.5079119205474854
35   ,0.51088            ,0.25882000000000005,2.2246651315689085,0.5605038219061216 ,0.31644586537118113,2.5526702404022217
36   ,0.518              ,0.26456            ,2.247015609741211 ,0.5585532565231544 ,0.3149503538570694 ,2.554319143295288
37   ,0.5058199999999999 ,0.25693999999999995,2.2028353881835936,0.5560992438924823 ,0.31225905756236305,2.564445734024048
38   ,0.50406            ,0.25258            ,2.1912978887557983,0.5555380368055063 ,0.31138095189776194,2.502481460571289
39   ,0.50596            ,0.25614000000000003,2.1945962476730347,0.5530824630980973 ,0.30937965152084   ,2.6678824424743652
40   ,0.5036             ,0.25416000000000005,2.1787475967407226,0.5515323138981881 ,0.3083610489499027 ,2.3990120887756348
41   ,0.5103599999999999 ,0.25893999999999995,2.2098016691207887,0.5502904773538501 ,0.30666181692160355,2.4297268390655518
42   ,0.5001             ,0.25207999999999997,2.1715317010879516,0.5486575910868763 ,0.3049696097386211 ,2.575899839401245
43   ,0.50396            ,0.25376            ,2.1742380094528198,0.5466289718670556 ,0.3036387918202701 ,2.5864720344543457
44   ,0.49456            ,0.24616000000000005,2.1346331596374513,0.546251191296685  ,0.30306743773450295,2.52939510345459
45   ,0.50694            ,0.25583999999999996,2.2021358823776245,0.5437979592043816 ,0.30084758661439137,2.556642770767212
46   ,0.5044             ,0.25466            ,2.1832437467575074,0.5430939135959637 ,0.2997173670567538 ,2.4849069118499756
47   ,0.50066            ,0.25242            ,2.1769688367843627,0.5416397706153843 ,0.2987338887124005 ,2.5337367057800293
48   ,0.50188            ,0.25370000000000004,2.1791861295700072,0.5407265407241991 ,0.2982819569970191 ,2.419394016265869
49   ,0.49964            ,0.25186            ,2.16300745010376  ,0.5396041265502467 ,0.29717593412880605,2.4111216068267822
50   ,0.49429999999999996,0.24434            ,2.128661942481995 ,0.5390031120064753 ,0.29618621147750446,2.4753639698028564
51   ,0.492              ,0.24497999999999998,2.121062445640564 ,0.5372960745944908 ,0.295231613052787  ,2.5697474479675293
52   ,0.49642            ,0.24594000000000005,2.1407376194000243,0.5357997825420105 ,0.2937649814583111 ,2.4552416801452637
53   ,0.49294000000000004,0.244              ,2.113852343559265 ,0.5351558383879698 ,0.29319440791091245,2.3621809482574463
54   ,0.49104000000000003,0.24382000000000004,2.1220169019699098,0.5339959583723277 ,0.2918027079998158 ,2.4501852989196777
55   ,0.49272000000000005,0.24392000000000003,2.124539685249329 ,0.5333543558333925 ,0.2916871883212727 ,2.4731321334838867
56   ,0.49350000000000005,0.24407999999999996,2.120119013786316 ,0.5316668318806214 ,0.2904188134724045 ,2.43821382522583
57   ,0.49004000000000003,0.24283999999999994,2.112200026512146 ,0.5311626040945482 ,0.28946187343258134,2.435812473297119
58   ,0.48519999999999996,0.23902            ,2.0922942209243773,0.5304468504106021 ,0.2888358816610169 ,2.483163595199585
59   ,0.48422            ,0.23765999999999998,2.0848828506469728,0.5297420242638158 ,0.2881536911269179 ,2.481032133102417
60   ,0.48973999999999995,0.24502000000000002,2.1248234605789182,0.5286328792421284 ,0.28719831216383185,2.5112578868865967
61   ,0.49244            ,0.24404000000000003,2.1255528831481936,0.5277891172657428 ,0.2872630968484202 ,2.4013137817382812
62   ,0.48995999999999995,0.24297999999999997,2.1171942234039305,0.5272513263298227 ,0.28625620235301097,2.5671191215515137
63   ,0.47948            ,0.23424            ,2.061637907028198 ,0.5262818976761031 ,0.2850752478014186 ,2.294400930404663
64   ,0.49573999999999996,0.2489             ,2.1401083993911745,0.5261741833812454 ,0.2848254755234876 ,2.460958957672119
65   ,0.49194000000000004,0.24668            ,2.1365620708465576,0.5251665083474676 ,0.2835336845235633 ,2.4623169898986816
66   ,0.47562000000000004,0.23104000000000002,2.044657425880432 ,0.5248675621523189 ,0.2840792808431688 ,2.325960874557495
67   ,0.48440000000000005,0.23787999999999998,2.0824490690231325,0.5240386304049355 ,0.2831363904939793 ,2.4309208393096924
68   ,0.47875999999999996,0.23238000000000003,2.0542493772506716,0.5231082286696426 ,0.2817798148094667 ,2.398404121398926
69   ,0.4818             ,0.23409999999999997,2.06172429561615  ,0.5232026738122353 ,0.28228794528738255,2.472740650177002
70   ,0.4787             ,0.23706000000000005,2.0659581899642943,0.5220209387222743 ,0.2811444565774798 ,2.3377909660339355
71   ,0.48462000000000005,0.23712            ,2.0814891386032106,0.5210796094498219 ,0.28028118114188083,2.435771942138672
72   ,0.47738            ,0.23214            ,2.048105254173279 ,0.5204981083652638 ,0.28011648754612006,2.4318268299102783
73   ,0.47641999999999995,0.23243999999999998,2.048414263725281 ,0.5202498971640699 ,0.27948971523618704,2.3634326457977295
74   ,0.47206000000000004,0.22694000000000003,2.0147369480133057,0.5191719736771241 ,0.278660002950435  ,2.3781402111053467
75   ,0.47682            ,0.23087999999999997,2.038754005432129 ,0.5192874933556672 ,0.2789597296839522 ,2.5077126026153564
76   ,0.48116000000000003,0.23468            ,2.061471657752991 ,0.5181650791817147 ,0.2775571022356961 ,2.3655097484588623
77   ,0.48475999999999997,0.23695999999999995,2.0815147876739504,0.5177334414639153 ,0.27771945421635114,2.4310824871063232
78   ,0.47121999999999997,0.22724            ,2.0202086973190307,0.5174688389569821 ,0.27736430925866806,2.353368043899536
79   ,0.47682            ,0.23487999999999998,2.0616024923324585,0.5164791163056807 ,0.27634492614936224,2.392667055130005
80   ,0.46965999999999997,0.22584000000000004,2.0220248746871947,0.5161817311872692 ,0.2767219261813644 ,2.2067110538482666
81   ,0.4779             ,0.23158            ,2.0549475860595705,0.5159936214404524 ,0.2761685244780735 ,2.3617541790008545
82   ,0.47631999999999997,0.23338000000000003,2.057671236991882 ,0.5150273149402069 ,0.2753926693397504 ,2.384498119354248
83   ,0.47740000000000005,0.23228000000000004,2.0585829782485963,0.5144044453221165 ,0.27466286596517087,2.2906651496887207
84   ,0.48262000000000005,0.2378             ,2.0793990230560304,0.5143755654024806 ,0.2747838494122936 ,2.429347515106201
85   ,0.47               ,0.22418000000000005,2.008458762168884 ,0.5142264825740906 ,0.2742983545470653 ,2.305520534515381
86   ,0.47882            ,0.23102            ,2.0526673555374146,0.5131134348605607 ,0.2738511060618951 ,2.2690491676330566
87   ,0.47362000000000004,0.23219999999999996,2.0431170082092285,0.5129011284243195 ,0.27334609773745344,2.3346753120422363
88   ,0.47785999999999995,0.23212            ,2.0530474519729616,0.512997134643649  ,0.2733718555036151 ,2.301201820373535
89   ,0.47312            ,0.22896000000000005,2.032184042930603 ,0.512901908962688  ,0.273222772675225  ,2.3732080459594727
90   ,0.47153999999999996,0.22719999999999996,2.0225574445724486,0.511617923346449  ,0.2721370438045938 ,2.409538507461548
91   ,0.48218000000000005,0.23750000000000004,2.0779174995422363,0.5119996066086623 ,0.27220885333449896,2.36938738822937
92   ,0.4697             ,0.22494000000000003,2.0102605962753297,0.5113002442304555 ,0.2714860748052361 ,2.2441155910491943
93   ,0.47572000000000003,0.23038000000000003,2.0420077562332155,0.5108248963640181 ,0.2707125612820187 ,2.3029773235321045
94   ,0.46684000000000003,0.22321999999999997,1.990864725112915 ,0.5102051488994019 ,0.27108175593033534,2.399219036102295
95   ,0.48022            ,0.23758            ,2.0849895334243773,0.510081043298805  ,0.2712402052191478 ,2.3251144886016846
96   ,0.48056            ,0.23373999999999995,2.0594991350173952,0.509207620864415  ,0.27034648878717604,2.418752670288086
97   ,0.46209999999999996,0.21840000000000004,1.9719325494766236,0.5097781944118136 ,0.27043703123792606,2.3093740940093994
98   ,0.46968            ,0.22653999999999996,2.013598947525024 ,0.5085714820940596 ,0.27009047220229676,2.351404905319214
99   ,0.46082            ,0.21931999999999996,1.9699711227416992,0.5082491197478549 ,0.2694395032029392 ,2.5266804695129395
100  ,0.47496000000000005,0.22834            ,2.0279460382461547,0.5070931424240556 ,0.2684505610900062 ,2.3275113105773926
101  ,0.4699             ,0.22618000000000005,2.008146357536316 ,0.5076434219738722 ,0.26921939138301254,2.411346673965454
102  ,0.46482            ,0.22082000000000002,1.9822244024276734,0.5076621548947171 ,0.26876277643741997,2.3941810131073
103  ,0.4685             ,0.22528000000000004,2.006483449935913 ,0.5073101320905081 ,0.26832099172082957,2.2784953117370605
104  ,0.4655             ,0.22360000000000002,1.993592257499695 ,0.5062727965987259 ,0.26812039336011617,2.2791807651519775
105  ,0.46284000000000003,0.22148            ,1.9812727069854736,0.5076801072771934 ,0.2683170890289869 ,2.295785903930664
106  ,0.45975999999999995,0.21877999999999997,1.9632367372512818,0.506157276920183  ,0.2672758508453621 ,2.3987462520599365
107  ,0.47448            ,0.22934            ,2.032461085319519 ,0.5057670077359158 ,0.26719311377829746,2.3139877319335938
108  ,0.4717             ,0.2268             ,2.0078865671157837,0.5054680615407672 ,0.2670362255662221 ,2.2800185680389404
109  ,0.46174000000000004,0.21975999999999996,1.9780486726760864,0.5051066722761357 ,0.2663836954901274 ,2.2969141006469727
110  ,0.46506000000000003,0.22287999999999997,1.987909927368164 ,0.5048842188411035 ,0.2666225402308988 ,2.2489843368530273
111  ,0.46682            ,0.22321999999999997,1.9967779684066773,0.5042871069891748 ,0.265886492549371  ,2.4824788570404053
112  ,0.46387999999999996,0.22102            ,1.9816057586669922,0.5044674113523062 ,0.2662869087324291 ,2.324923038482666
113  ,0.46519999999999995,0.22568            ,2.004482235908508 ,0.504179392694317  ,0.26586385693668346,2.3179800510406494
114  ,0.46120000000000005,0.21806000000000003,1.9652127122879028,0.5033122145668754 ,0.2654579769850457 ,2.2453205585479736
115  ,0.4625             ,0.21841999999999995,1.9649800777435302,0.5037516576683602 ,0.2651957160932181 ,2.24239444732666
116  ,0.4696             ,0.22663999999999995,2.018500747680664 ,0.5027525685566363 ,0.26444639925942515,2.3105602264404297
117  ,0.46258            ,0.22065999999999997,1.9819749593734741,0.5030640033656815 ,0.2644136166479467 ,2.3084001541137695
118  ,0.4647             ,0.22099999999999997,1.982657141685486 ,0.5028025230122224 ,0.2640303723089964 ,2.332547187805176
119  ,0.46192            ,0.22187999999999997,1.97360032081604  ,0.5024918687415458 ,0.2644682543337441 ,2.266057014465332
120  ,0.46992            ,0.22624            ,2.0141633129119874,0.5025597755796083 ,0.26439098103525926,2.317833423614502
121  ,0.46908000000000005,0.22663999999999995,2.0059516429901123,0.5017089887579058 ,0.26356126874950725,2.295189380645752
122  ,0.46597999999999995,0.22097999999999995,1.9907819080352782,0.5019173925023046 ,0.26372284019179393,2.1600966453552246
123  ,0.46340000000000003,0.21853999999999996,1.9691112756729126,0.5012992061144254 ,0.2637868443380137 ,2.229222536087036
124  ,0.46448            ,0.22192            ,1.9910471963882446,0.5009503054636906 ,0.26327090847641255,2.337778091430664
125  ,0.46778            ,0.22350000000000003,1.9963623523712157,0.5005093012854687 ,0.2632334426347229 ,2.172328472137451
126  ,0.45404            ,0.21318000000000004,1.9444833278656006,0.5010884607549211 ,0.26326778632293835,2.305861711502075
127  ,0.46142000000000005,0.22036            ,1.972012047767639 ,0.5004062702208221 ,0.2626511610117963 ,2.363752841949463
128  ,0.4659             ,0.22177999999999998,1.9819045782089233,0.5003695849175009 ,0.2629891341253716 ,2.294834852218628
129  ,0.45716            ,0.21509999999999996,1.9554623794555663,0.5000768830293006 ,0.2623170905900636 ,2.2594268321990967
130  ,0.47034            ,0.22550000000000003,2.015523900985718 ,0.4999418498915442 ,0.2621641050698309 ,2.359321117401123
131  ,0.45692            ,0.21509999999999996,1.9445851993560792,0.49998243788670793,0.2620243887018632 ,2.31573748588562
132  ,0.45538            ,0.21418000000000004,1.9375147485733033,0.500118251562833  ,0.26214537214898603,2.276916265487671
133  ,0.45986000000000005,0.21672000000000002,1.9545992946624755,0.4994165475695206 ,0.2614311795417772 ,2.1733193397521973
134  ,0.472              ,0.22814            ,2.0269447565078735,0.4993010278909775 ,0.26130239071096895,2.2925891876220703
135  ,0.46294            ,0.22024            ,1.9751090812683105,0.4989536883169797 ,0.2611923348010057 ,2.2863101959228516
136  ,0.45802            ,0.21719999999999995,1.9505061054229735,0.4988647069429668 ,0.26178632449946027,2.297260046005249
137  ,0.45604            ,0.21430000000000005,1.946243748664856 ,0.49839326176837206,0.26120482341490214,2.3090178966522217
138  ,0.45382            ,0.21252000000000004,1.9297368097305299,0.4982238849424002 ,0.26140620231398404,2.320775032043457
139  ,0.46094            ,0.21736            ,1.9694025325775146,0.4981364646451243 ,0.260938659831232  ,2.2200119495391846
140  ,0.46284000000000003,0.22026            ,1.9794608306884767,0.497878886983508  ,0.26032671775030114,2.3091278076171875
141  ,0.45233999999999996,0.21236            ,1.9287086009979248,0.49712644799624095,0.2598427839618098 ,2.319275379180908
142  ,0.46026            ,0.21830000000000005,1.9534587955474854,0.49696643763069137,0.2597873657376438 ,2.2945780754089355
143  ,0.45858            ,0.21645999999999999,1.955648012161255 ,0.4972045018330944 ,0.2597623885098508 ,2.294762134552002
144  ,0.45924            ,0.21706000000000003,1.9544968700408936,0.4973129966663207 ,0.25987634711165675,2.2573888301849365
145  ,0.45164000000000004,0.21426            ,1.9324300336837767,0.4967049572772324 ,0.25968199305789175,2.295177698135376
146  ,0.45555999999999996,0.21630000000000005,1.9492059659957885,0.49716937760651037,0.25952666592255347,2.220447301864624
147  ,0.46077999999999997,0.21914            ,1.9702605104446411,0.49669168812496733,0.25909815035822803,2.2406108379364014
148  ,0.45928            ,0.21855999999999998,1.964121880531311 ,0.49692506909715906,0.25973897235879473,2.3496170043945312
149  ,0.44720000000000004,0.20858            ,1.9028898668289185,0.4965566549872109 ,0.25918244850202976,2.145237684249878
150  ,0.46016            ,0.21841999999999995,1.9552607679367064,0.4954771704235279 ,0.25889364930567205,2.2462007999420166
151  ,0.45794            ,0.21518000000000004,1.947073402404785 ,0.49573787023861837,0.25878827662591997,2.0824429988861084
152  ,0.46814            ,0.22482000000000002,1.9972295951843262,0.4962655141757476 ,0.25924411103314404,2.236236810684204
153  ,0.45758            ,0.21545999999999998,1.939933753013611 ,0.4952687666791292 ,0.25797261403080163,2.2564921379089355
154  ,0.46512            ,0.22209999999999996,1.994394941329956 ,0.4958143629987347 ,0.2582309722307865 ,2.2469539642333984
155  ,0.46399999999999997,0.22016000000000002,1.9818537378311156,0.49580421599994384,0.2583176119896937 ,2.1356186866760254
156  ,0.45474000000000003,0.21692            ,1.9448313617706299,0.49531169628939864,0.257844605738362  ,2.266680955886841
157  ,0.45498000000000005,0.21626            ,1.9423119401931763,0.49506504616494185,0.25825985215042224,2.2116496562957764
158  ,0.45124            ,0.21342000000000005,1.9273758029937744,0.4952711082942348 ,0.2583878604428619 ,2.2333874702453613
159  ,0.45254000000000005,0.21494000000000002,1.9348428869247436,0.49446793431301306,0.2579944691051206 ,2.1847453117370605
160  ,0.46302            ,0.21974000000000005,1.9725937509536744,0.4937701330115434 ,0.2569625973819182 ,2.2597782611846924
161  ,0.45431999999999995,0.2157             ,1.9356817483901978,0.4942423587245066 ,0.25707109221514446,2.1958186626434326
162  ,0.45802            ,0.21536            ,1.9477687168121338,0.4938677003076102 ,0.25723110258069404,2.307528257369995
163  ,0.45802            ,0.21589999999999998,1.9475456857681275,0.4935593876520391 ,0.2568462971650066 ,2.2936882972717285
164  ,0.45216            ,0.21364000000000005,1.9342482614517211,0.49428528833477603,0.25696884168886647,2.202544927597046
165  ,0.45355999999999996,0.2127             ,1.9269879055023194,0.4935508017299852 ,0.25677526817346996,2.3081908226013184
166  ,0.45836            ,0.21565999999999996,1.951942400932312 ,0.49364602741094643,0.25667848141577176,2.2573795318603516
167  ,0.4576             ,0.21565999999999996,1.953117117881775 ,0.4937560833209098 ,0.25689156839038163,2.2772040367126465
168  ,0.46197999999999995,0.21755999999999998,1.9661316823959352,0.49355002119161673,0.25652705697227607,2.253927707672119
169  ,0.45387999999999995,0.21364000000000005,1.928521237373352 ,0.49377637731849167,0.2565660838907028 ,2.2618021965026855
170  ,0.45672            ,0.21760000000000002,1.9497074317932128,0.49300286379527414,0.25610088302305634,2.3162262439727783
171  ,0.46416            ,0.22126            ,1.9806125593185424,0.4932674663022073 ,0.2565098851281683 ,2.142352819442749
172  ,0.45828            ,0.21433999999999997,1.9505506801605224,0.49333381206353266,0.25599394926656716,2.1487417221069336
173  ,0.45036            ,0.21275999999999995,1.929549765586853 ,0.492726553212813  ,0.25614225155658865,2.1350855827331543
174  ,0.44862            ,0.21009999999999995,1.90473717212677  ,0.49284441450646166,0.2562156221632309 ,2.3177642822265625
175  ,0.44806            ,0.20904            ,1.9126193809509278,0.4922246670418454 ,0.25559665523698316,2.2237131595611572
176  ,0.44889999999999997,0.21053999999999995,1.9089170169830323,0.49289280788531087,0.2562546490816576 ,2.245448589324951
177  ,0.45230000000000004,0.21114            ,1.91820405960083  ,0.4930309631765414 ,0.2557270051445284 ,2.2425637245178223
178  ,0.45392            ,0.21423999999999999,1.933074679374695 ,0.4916431659572874 ,0.2553406386521039 ,2.215891122817993
179  ,0.4597             ,0.21616000000000002,1.9528593730926513,0.4911990396255913 ,0.25531019765573104,2.303452730178833
180  ,0.45638            ,0.21814            ,1.9603045320510863,0.4923339424134402 ,0.255286781504675  ,2.181192398071289
181  ,0.44974000000000003,0.21138            ,1.9225932168960571,0.492089633904089  ,0.25564114592398957,2.3209774494171143
182  ,0.46048            ,0.21836            ,1.9713381481170655,0.4917805407101494 ,0.2548824626297742 ,2.238272190093994
183  ,0.44892            ,0.20992            ,1.906259627342224 ,0.4920943171343002 ,0.2551259906007569 ,2.202975034713745
184  ,0.4504             ,0.20911999999999997,1.914268741607666 ,0.49146598374763006,0.25476147918265146,2.3216521739959717
185  ,0.45840000000000003,0.21608000000000005,1.9457774925231934,0.4913434392237702 ,0.25516267590407804,2.137620687484741
186  ,0.45138            ,0.20904            ,1.9165087413787842,0.4913528056841926 ,0.25485514378687557,2.189300298690796
187  ,0.45655999999999997,0.21555999999999997,1.9456792068481445,0.49156901481227666,0.2547817731802333 ,2.3459317684173584
188  ,0.4527             ,0.21462000000000003,1.9322506380081177,0.4911436214014254 ,0.2550760361451707 ,2.4034276008605957
189  ,0.44748            ,0.20938            ,1.9030444765090941,0.4907564743706324 ,0.25388805674826154,2.166001319885254
190  ,0.45204            ,0.21043999999999996,1.9181049871444702,0.48974567718338047,0.2541479760249835 ,2.3711318969726562
191  ,0.45108000000000004,0.21055999999999997,1.913484206199646 ,0.49069090914767555,0.25428300916273994,2.1708202362060547
192  ,0.45784            ,0.21543999999999996,1.9571105337142944,0.49063939361535225,0.2537139966920784 ,2.2519690990448
193  ,0.44555999999999996,0.20550000000000002,1.8882037830352782,0.4907065199150462 ,0.2539676716618521 ,2.2625527381896973
194  ,0.45433999999999997,0.21392            ,1.9320763492584228,0.49044816171506134,0.25426271516515797,2.1873345375061035
195  ,0.46065999999999996,0.22046            ,1.9690080070495606,0.4904528449452725 ,0.25418466132830464,2.370694398880005
196  ,0.4718             ,0.22552000000000005,2.018118267059326 ,0.4904263066407424 ,0.2536976053863391 ,2.292919158935547
197  ,0.45152000000000003,0.2126             ,1.9251720809936523,0.489974374925361  ,0.25335416850418413,2.288735866546631
198  ,0.45277999999999996,0.21252000000000004,1.9287763357162475,0.48971679726374473,0.2537592679174534 ,2.230243682861328
199  ,0.45028            ,0.21202            ,1.916774911880493 ,0.4900727227597963 ,0.253466566029253  ,2.178762197494507
200  ,0.44848            ,0.20845999999999998,1.9030662345886231,0.4894389256045465 ,0.2537155577688155 ,2.1086039543151855
201  ,0.41108            ,0.1834             ,1.7302805757522584,0.4625501593469079 ,0.23278854357004197,2.202009439468384
202  ,0.40990000000000004,0.1824             ,1.717132329940796 ,0.4572955750499349 ,0.22837772124945455,2.043377637863159
203  ,0.40822            ,0.18066000000000004,1.7106974148750305,0.4546331586748644 ,0.22737941267609918,2.0062530040740967
204  ,0.40762            ,0.18096            ,1.7098391270637512,0.4535107445009121 ,0.2267783981323278 ,2.0827858448028564
205  ,0.40584            ,0.17934000000000005,1.7045838809013367,0.4521003116689706 ,0.22524151808468373,2.060337781906128
206  ,0.4062             ,0.18054000000000003,1.7065866136550902,0.45171472571491456,0.22474275406719035,2.052906036376953
207  ,0.4052             ,0.1795             ,1.6985454893112182,0.451598425498003  ,0.22465299215480883,2.0993521213531494
208  ,0.40522            ,0.17889999999999995,1.6970116925239562,0.4508631583548437 ,0.2237826918738931 ,2.017688274383545
209  ,0.40536000000000005,0.17842000000000002,1.6981632494926453,0.4500888642932577 ,0.2239247498569663 ,2.014716625213623
210  ,0.4034             ,0.17859999999999998,1.6954904675483704,0.44995148954039554,0.22342442476273583,1.9772852659225464
211  ,0.4034             ,0.17889999999999995,1.6963275957107544,0.45014818520926625,0.22365234196634787,1.9209442138671875
212  ,0.40513999999999994,0.17874            ,1.702221894264221 ,0.44981489532590213,0.22359224051197069,1.933029294013977
213  ,0.40332            ,0.17756000000000005,1.6924196696281433,0.449494874594803  ,0.22269071869631363,1.9565271139144897
214  ,0.40384            ,0.17825999999999997,1.690766649246216 ,0.4491959283996544 ,0.2226056400141434 ,1.9721087217330933
215  ,0.40478000000000003,0.17800000000000005,1.6917375016212464,0.44856759501298427,0.22202882215979647,2.059985637664795
216  ,0.40408            ,0.17796            ,1.6917555904388428,0.44876741283532906,0.2227476979972166 ,2.1076395511627197
217  ,0.40378000000000003,0.17788000000000004,1.6919544887542726,0.44851764055739807,0.22253148886913254,1.8680992126464844
218  ,0.40471999999999997,0.17757999999999996,1.6955097174644471,0.44797438585289817,0.2214769815332427 ,2.0635693073272705
219  ,0.40298            ,0.17869999999999997,1.6922832942008972,0.4477573961864456 ,0.22117179103114581,1.9986435174942017
220  ,0.40534000000000003,0.17832000000000003,1.6949209451675415,0.4482608434341503 ,0.2217150457356457 ,2.1340644359588623
221  ,0.402              ,0.17678000000000005,1.6878811407089234,0.44758567774536806,0.22194218240088914,2.099299907684326
222  ,0.40244            ,0.17664000000000002,1.685697419643402 ,0.44769885580880553,0.221665871818428  ,2.0568718910217285
223  ,0.40244            ,0.17852            ,1.6883731341362   ,0.4473171725465923 ,0.22094465436590238,1.9594590663909912
224  ,0.40346000000000004,0.17779999999999996,1.6917100000381469,0.44749279367951256,0.22140361092660055,2.0066354274749756
225  ,0.40406            ,0.17789999999999995,1.6890762281417846,0.44711267149403633,0.22125843079005314,2.0282089710235596
226  ,0.40190000000000003,0.17784            ,1.68691171169281  ,0.4471821394088359 ,0.22120769579609845,2.0186710357666016
227  ,0.40318            ,0.17822000000000005,1.686385772228241 ,0.44715013733572595,0.22048101457499292,1.9889837503433228
228  ,0.4022             ,0.17759999999999998,1.6892516827583313,0.4471673091798337 ,0.22163230866858108,2.073277235031128
229  ,0.40264            ,0.17728            ,1.6884992742538452,0.4473343443907001 ,0.22116164403235483,2.0059711933135986
230  ,0.40291999999999994,0.1773             ,1.6860632634162902,0.44723599655626467,0.22114759434172127,1.943172812461853
231  ,0.40071999999999997,0.1764             ,1.6812610125541687,0.44730702554780133,0.22076981377135063,1.9418914318084717
232  ,0.40181999999999995,0.17710000000000004,1.6895540499687194,0.44655536709890276,0.22055906841184636,1.8989872932434082
233  ,0.40359999999999996,0.17772            ,1.693667221069336 ,0.44709003588134877,0.22061214502090676,1.8889678716659546
234  ,0.40254            ,0.17847999999999997,1.6897777843475341,0.4467840648408834 ,0.22085177030004677,1.9733788967132568
235  ,0.40105999999999997,0.17672            ,1.683946166038513 ,0.44660766316959455,0.2204490125018831 ,1.9942035675048828
236  ,0.40092000000000005,0.17657999999999996,1.6813623213768005,0.4463407190475559 ,0.22070502908676226,2.080871105194092
237  ,0.4022             ,0.17676000000000003,1.6842049431800843,0.44664981224149547,0.22067458809038942,1.9674619436264038
238  ,0.40380000000000005,0.1773             ,1.6893304657936097,0.4460956299998361 ,0.2207370311598722 ,2.00005841255188
239  ,0.40252            ,0.1774             ,1.682943172454834 ,0.44601211239440297,0.21984487580463752,2.045797348022461
240  ,0.40092000000000005,0.17772            ,1.6829278302192687,0.4457358018119417 ,0.21949597515390262,2.049071788787842
241  ,0.40025999999999995,0.17572            ,1.6794001698493957,0.4460815803092024 ,0.21978087165841764,1.9668012857437134
242  ,0.40134000000000003,0.17720000000000002,1.6828402185440063,0.44616900060647835,0.2205863872547451 ,1.8903841972351074
243  ,0.40049999999999997,0.17635999999999996,1.6854614686965943,0.4460862635394137 ,0.2202031429157948 ,1.9914335012435913
244  ,0.40096            ,0.17588000000000004,1.6832505989074706,0.44591610617507316,0.2201516273834715 ,2.0179049968719482
245  ,0.40049999999999997,0.17667999999999995,1.683279685974121 ,0.4462392490596464 ,0.22047555080641323,1.9234559535980225
246  ,0.40154            ,0.17728            ,1.6879426956176757,0.44581151403368957,0.22007123193151246,1.964600920677185
247  ,0.40069999999999995,0.17637999999999998,1.685914101600647 ,0.44587161548806675,0.22019221537863531,2.1582984924316406
248  ,0.40049999999999997,0.17656000000000005,1.6830172061920166,0.44542280592615946,0.2198511201115858 ,1.969218373298645
249  ,0.40049999999999997,0.17623999999999995,1.681358892917633 ,0.4457436071956271 ,0.21926805795029058,1.8629745244979858
250  ,0.4011             ,0.17625999999999997,1.6793432426452637,0.44532758024519836,0.21968408490071945,1.9971508979797363
251  ,0.40092000000000005,0.17732000000000003,1.6827560114860534,0.445696774893515  ,0.21996429817502328,2.0254971981048584
252  ,0.39942            ,0.17657999999999996,1.6819242572784423,0.445639795592612  ,0.2199955197097646 ,1.9463783502578735
253  ,0.40208            ,0.17718            ,1.6860434627532959,0.4452159632584979 ,0.21967003521008577,2.0399625301361084
254  ,0.40074            ,0.17837999999999998,1.6862781715393067,0.4454985181479073 ,0.2197059399750384 ,2.0375473499298096
255  ,0.40105999999999997,0.17625999999999997,1.6826235413551331,0.4457537541944181 ,0.2202484141411697 ,2.000822067260742
256  ,0.39946000000000004,0.17722000000000004,1.682346591949463 ,0.4460394312373016 ,0.2197106232052496 ,2.028555154800415
257  ,0.40142            ,0.17832000000000003,1.6894632053375245,0.44495136075156483,0.21946709523426688,1.9970602989196777
258  ,0.39942            ,0.17545999999999995,1.6766006994247435,0.4453135305545647 ,0.2197043788983013 ,1.9619733095169067
259  ,0.40115999999999996,0.17647999999999997,1.6809416151046752,0.44561950159503017,0.2194608509273186 ,1.9997793436050415
260  ,0.40254            ,0.17891999999999997,1.6906608724594117,0.4455000792246444 ,0.21928601033276696,1.9994895458221436
261  ,0.39970000000000006,0.17586000000000002,1.683009729385376 ,0.4454173421575798 ,0.2193117680989286 ,1.9545624256134033
262  ,0.40147999999999995,0.17823999999999995,1.6876145267486573,0.44494433590624793,0.21913692750437685,2.0828328132629395
263  ,0.40247999999999995,0.17722000000000004,1.6918319582939148,0.44558047467660344,0.21935079501735522,1.903985619544983
264  ,0.40054            ,0.17769999999999997,1.68566641330719  ,0.44494589698298503,0.220050157395562  ,1.995285153388977
265  ,0.40264            ,0.17700000000000005,1.6893892669677735,0.4456116962113448 ,0.21914473288806224,1.935260534286499
266  ,0.40132            ,0.17672            ,1.6881626749038696,0.4451527396506466 ,0.21944133746810524,1.9945030212402344
267  ,0.40122            ,0.17644000000000004,1.6822999811172485,0.44581619726390076,0.21957402899075606,1.932342290878296
268  ,0.40046000000000004,0.17623999999999995,1.6820681858062745,0.44537285147057326,0.2193187929442454 ,2.1069138050079346
269  ,0.3994             ,0.17659999999999998,1.6804382491111756,0.44479135038601525,0.2191658074240126 ,2.025639772415161
270  ,0.40169999999999995,0.17691999999999997,1.686670560836792 ,0.44572565481315085,0.21924151964576044,1.9432374238967896
271  ,0.40136000000000005,0.17552            ,1.682754533290863 ,0.44518005849354536,0.21991512425780557,2.008519172668457
272  ,0.40127999999999997,0.17637999999999998,1.6814967131614684,0.44478666715580406,0.21905106828383814,1.9794284105300903
273  ,0.39970000000000006,0.17722000000000004,1.685111210346222 ,0.44493887213766825,0.2189191572995558 ,2.009369134902954
274  ,0.40127999999999997,0.17622000000000004,1.6867558670043945,0.44484911022528684,0.21949441407716563,2.0550734996795654
275  ,0.40232            ,0.17713999999999996,1.6830100226402283,0.44478900877090966,0.2192204451098101 ,2.099720001220703
276  ,0.40166            ,0.17764000000000002,1.6869463539123535,0.44548212684216815,0.21923839749228635,1.896890640258789
277  ,0.40066            ,0.17634000000000005,1.6784739375114441,0.44493653052256266,0.21873416970621318,2.014864921569824
278  ,0.40215999999999996,0.17720000000000002,1.6877111792564392,0.44503331728026085,0.2190705817430515 ,1.920290231704712
279  ,0.40125999999999995,0.17667999999999995,1.681001992225647 ,0.4448171081521769 ,0.21902765213278208,2.085205078125
280  ,0.401              ,0.17501999999999995,1.6803583955764771,0.4448662820693945 ,0.21944680123668503,2.091466188430786
281  ,0.40124000000000004,0.17667999999999995,1.6842355775833129,0.44518474172375655,0.21966613251824318,2.030574083328247
282  ,0.40158000000000005,0.1773             ,1.6853622674942017,0.44538377900773274,0.21943431262278845,2.108177423477173
283  ,0.40188            ,0.17691999999999997,1.689446551799774 ,0.4451238597310109 ,0.2191205361986377 ,1.8677006959915161
284  ,0.40215999999999996,0.17859999999999998,1.6884005212783812,0.4453119694778276 ,0.21894803721919154,1.965569257736206
285  ,0.40047999999999995,0.17645999999999995,1.6836801314353942,0.4455032013781185 ,0.21954827122459442,1.8870484828948975
286  ,0.40025999999999995,0.17588000000000004,1.6853505229949952,0.44444010812017476,0.21929771840829493,2.0096864700317383
287  ,0.40169999999999995,0.17666000000000004,1.6857201337814331,0.4452620150222414 ,0.21937889439862246,1.948986291885376
288  ,0.4013             ,0.17635999999999996,1.6803104996681213,0.4449716547491467 ,0.21944680123668503,2.0055670738220215
289  ,0.3991             ,0.17620000000000002,1.6805700659751892,0.4450184870512587 ,0.21948348654000616,2.022188663482666
290  ,0.39944            ,0.17720000000000002,1.6852909684181214,0.4444619631944938 ,0.21871465624699982,1.9961810111999512
291  ,0.40034000000000003,0.17742000000000002,1.6878566694259645,0.4451082489636402 ,0.21931098756056   ,1.9765015840530396
292  ,0.40159999999999996,0.17662            ,1.6865052247047425,0.4451090295020087 ,0.21863816348688347,1.9659641981124878
293  ,0.39922            ,0.17723999999999995,1.679892909526825 ,0.4448108638452286 ,0.21880597923611833,2.001532793045044
294  ,0.40074            ,0.17610000000000003,1.6812583422660827,0.4443722012821123 ,0.21888091091949757,1.9776086807250977
295  ,0.40036000000000005,0.17579999999999996,1.6785633754730225,0.4454540274609009 ,0.21937265009167428,2.1129150390625
296  ,0.40064            ,0.17576000000000003,1.6827451920509338,0.44454391972318985,0.21873338916784468,2.045975923538208
297  ,0.40115999999999996,0.17664000000000002,1.6812806177139281,0.44483740214975875,0.21923761695391775,1.9696977138519287
298  ,0.40152            ,0.17672            ,1.6824861645698548,0.44522923241076295,0.21895506206450832,2.017645835876465
299  ,0.40064            ,0.17769999999999997,1.683691647052765 ,0.4446227540984118 ,0.2189628674481937 ,2.0087215900421143
300  ,0.40108            ,0.17584            ,1.6823703622817994,0.44475232346758853,0.2187209005539481 ,1.8921555280685425
301  ,0.39605999999999997,0.17269999999999996,1.658390154838562 ,0.43964213876879443,0.21524516319886478,1.9158344268798828
302  ,0.39614000000000005,0.17274            ,1.6575476598739625,0.43806623180272364,0.2143990596073736 ,2.0299806594848633
303  ,0.39476            ,0.17262            ,1.6552311182022095,0.4385829482026933 ,0.21456219212639727,1.9282954931259155
304  ,0.39522            ,0.17300000000000004,1.6549755454063415,0.43795695643112875,0.2141508484061797 ,1.923496961593628
305  ,0.39486            ,0.17206            ,1.6561623311042786,0.4373957493441526 ,0.2138612686714535 ,1.9783618450164795
306  ,0.39486            ,0.17281999999999997,1.6571214485168457,0.4372568135145535 ,0.2139611775826259 ,2.040966272354126
307  ,0.3952             ,0.17235999999999996,1.6542551636695861,0.43728022966560953,0.2137090636895893 ,2.074671506881714
308  ,0.39427999999999996,0.17164000000000001,1.6534245777130128,0.4372568135145535 ,0.21352797878808927,1.8666011095046997
309  ,0.39568000000000003,0.17262            ,1.6555373907089233,0.43771967276709434,0.21324074066846865,2.0139243602752686
310  ,0.39505999999999997,0.17306            ,1.6538658475875854,0.43722793359491774,0.21362944877599876,2.0342583656311035
311  ,0.39505999999999997,0.17237999999999998,1.6535902428627014,0.43712412199190265,0.21335938250048592,2.1127729415893555
312  ,0.39448000000000005,0.17245999999999995,1.6529887008666992,0.43648798322154725,0.21345929141165831,1.9449093341827393
313  ,0.39548000000000005,0.1724             ,1.654395773410797 ,0.4374917555634824 ,0.21361930177720778,1.9536739587783813
314  ,0.39524000000000004,0.17201999999999995,1.6517110133171082,0.43706714269099967,0.21308151084128768,1.8902829885482788
315  ,0.39561999999999997,0.17286            ,1.6543660712242128,0.43644661468801493,0.21344758333613023,2.0074074268341064
316  ,0.39552            ,0.17162            ,1.6531854486465454,0.43732940358282724,0.2133679684225398 ,1.9212276935577393
317  ,0.39474            ,0.17264000000000002,1.6532063245773316,0.43718344290791133,0.21296052739416482,2.0437259674072266
318  ,0.395              ,0.17247999999999997,1.6530010557174684,0.4373450143501979 ,0.21330942804489972,1.946571946144104
319  ,0.39474            ,0.17206            ,1.6535975217819214,0.4374472648764759 ,0.21325947358931352,2.0022027492523193
320  ,0.39449999999999996,0.17181999999999997,1.6538713812828063,0.43692196255445226,0.2134187034164945 ,1.9771579504013062
321  ,0.39476            ,0.1724             ,1.6540744233131408,0.4372115422891786 ,0.21310258537723814,1.9496607780456543
322  ,0.39559999999999995,0.1723             ,1.6526210761070252,0.4368540557163898 ,0.21322747151620358,1.9922665357589722
323  ,0.39478            ,0.17257999999999996,1.6535461473464965,0.4370078217749911 ,0.21308385245639327,2.0399112701416016
324  ,0.3954             ,0.17186            ,1.6543952536582947,0.4370046996215169 ,0.2131142934527661 ,1.9081318378448486
325  ,0.39461999999999997,0.17196            ,1.6529425692558288,0.43713270791395653,0.21307994976455058,1.94970703125
326  ,0.39402000000000004,0.17190000000000005,1.6502574920654296,0.437403554727838  ,0.21340153157238673,1.9466488361358643
327  ,0.39534            ,0.17206            ,1.6523849081993103,0.4371522213731699 ,0.21322591043946648,2.0162243843078613
328  ,0.39458000000000004,0.17245999999999995,1.652992262840271 ,0.4371108528396376 ,0.2128707654817834 ,1.9914060831069946
329  ,0.39466            ,0.17222000000000004,1.6544014310836792,0.43693913439856   ,0.21327898704852688,1.8247112035751343
330  ,0.39490000000000003,0.17269999999999996,1.6537206888198852,0.43698674723904063,0.21325244874399674,1.9547038078308105
331  ,0.39512            ,0.17290000000000005,1.654029459953308 ,0.4366097472070386 ,0.21307760814944499,1.9248343706130981
332  ,0.3941             ,0.17215999999999998,1.650585446357727 ,0.4371108528396376 ,0.21301282346485662,1.818377137184143
333  ,0.39444            ,0.17186            ,1.6535586428642273,0.43727554643539834,0.2132220077476239 ,1.96422278881073
334  ,0.39383999999999997,0.17213999999999996,1.6499545621871947,0.4367174615018963 ,0.21309087730171006,1.898654818534851
335  ,0.39346000000000003,0.17191999999999996,1.6507054328918458,0.4372427638239199 ,0.21335626034701172,1.8233815431594849
336  ,0.39424000000000003,0.17206            ,1.6517313885688782,0.43673697496110964,0.2130690222273911 ,1.8904227018356323
337  ,0.39496            ,0.17191999999999996,1.6509188747406005,0.4369648921647217 ,0.21348504917781996,1.8574035167694092
338  ,0.39474            ,0.1723             ,1.6520080614089965,0.43668233727531225,0.21294413608842566,1.9846665859222412
339  ,0.39427999999999996,0.17247999999999997,1.652449107170105 ,0.4368439087175989 ,0.2131728338304062 ,1.927560567855835
340  ,0.39456            ,0.17171999999999998,1.6525385451316834,0.4362686519399891 ,0.21300111538932864,1.9070255756378174
341  ,0.39508            ,0.17220000000000002,1.6518986129760742,0.4364973496819696 ,0.21334143011800955,1.8965257406234741
342  ,0.39583999999999997,0.17259999999999998,1.6529682636260987,0.436847030871073  ,0.21301126238811963,2.0165328979492188
343  ,0.39503999999999995,0.17162            ,1.652568666934967 ,0.43571134754485563,0.21250625406367785,1.9413059949874878
344  ,0.3941             ,0.17122000000000004,1.6509872770309448,0.43634124200826274,0.21269670542560026,1.9120986461639404
345  ,0.39466            ,0.17264000000000002,1.6530960321426391,0.43747146156590044,0.2137035999210095 ,2.0218095779418945
346  ,0.39502000000000004,0.17201999999999995,1.652053451538086 ,0.43618825648803006,0.21319468890472515,1.9205304384231567
347  ,0.39412            ,0.17191999999999996,1.6491221165657044,0.4368501530245471 ,0.2126748503512813 ,1.830946683883667
348  ,0.39542            ,0.17159999999999997,1.652110183238983 ,0.43623196663666797,0.21235795177365635,1.9268076419830322
349  ,0.39481999999999995,0.17254000000000003,1.6526780343055725,0.4370070412366226 ,0.21307916922618209,1.8933340311050415
350  ,0.3944             ,0.17088000000000003,1.6506448841094972,0.4362233807146141 ,0.21249610706488697,2.026419162750244
351  ,0.39478            ,0.17191999999999996,1.651453685760498 ,0.435935362056625  ,0.2122845811670141 ,1.8861769437789917
352  ,0.39574            ,0.17220000000000002,1.6522731757164002,0.43667140973815277,0.21279895595187825,1.9955594539642334
353  ,0.39461999999999997,0.1725             ,1.6530088949203492,0.43649110537502134,0.21260850458995584,1.8613394498825073
354  ,0.39366            ,0.17196            ,1.6501879358291627,0.4363615360058447 ,0.21224633478695598,2.012373447418213
355  ,0.39442            ,0.17135999999999996,1.6504539728164673,0.4365527679061356 ,0.2125733803633718 ,1.973877191543579
356  ,0.39471999999999996,0.17144000000000004,1.6499564027786255,0.43648017783786186,0.2126280180491692 ,1.924246907234192
357  ,0.39408            ,0.17134000000000005,1.6495525598526002,0.4360563455037477 ,0.21266158119901624,1.7818175554275513
358  ,0.39470000000000005,0.17213999999999996,1.6505969595909118,0.4365004718354438 ,0.21256791659479213,1.93817138671875
359  ,0.39461999999999997,0.17259999999999998,1.6533386182785035,0.43639041592548045,0.21289340109447086,1.9715956449508667
360  ,0.39503999999999995,0.17208            ,1.6491358137130738,0.43639119646384894,0.2124750325289365 ,1.9580695629119873
361  ,0.39471999999999996,0.17174            ,1.6501601123809815,0.4366721902765214 ,0.21283564125519938,1.8696626424789429
362  ,0.39476            ,0.17190000000000005,1.6503692889213561,0.43630065401309903,0.21269670542560026,1.9976744651794434
363  ,0.39522            ,0.17142000000000002,1.6515040135383605,0.43624679686567014,0.21269280273375757,1.9309991598129272
364  ,0.39442            ,0.17266000000000004,1.6541628313064576,0.4364091488463253 ,0.21265689796880505,1.988036870956421
365  ,0.39324000000000003,0.17113999999999996,1.6498348879814149,0.4359751695134202 ,0.21270685242439125,2.0170071125030518
366  ,0.39474            ,0.17162            ,1.6509067988395691,0.4362585049411981 ,0.21251093729388904,1.8606528043746948
367  ,0.39458000000000004,0.17149999999999999,1.6506847906112672,0.4366214552825666 ,0.21259367436095378,1.865309238433838
368  ,0.39480000000000004,0.17159999999999997,1.651498827934265 ,0.43688293563602554,0.21290276755489335,1.9633949995040894
369  ,0.39414000000000005,0.17206            ,1.6507004618644714,0.4360298071992176 ,0.2129698938545873 ,1.8659745454788208
370  ,0.39476            ,0.17152            ,1.6499107265472412,0.43634514470010544,0.21291447563042132,1.9261772632598877
371  ,0.39446000000000003,0.17176000000000002,1.6519738841056824,0.4363755856964783 ,0.21281456671924892,1.8712085485458374
372  ,0.39354            ,0.17213999999999996,1.6522010207176208,0.43540459596602166,0.2126280180491692 ,1.8091799020767212
373  ,0.39427999999999996,0.17203999999999997,1.6496510124206543,0.435879943832459  ,0.21289027894099677,1.937243103981018
374  ,0.39464            ,0.17179999999999995,1.6503850817680359,0.435960339284418  ,0.21203012565887192,1.9576112031936646
375  ,0.39436000000000004,0.17179999999999995,1.6518455696105958,0.43564344070679306,0.21312912368176828,2.052851438522339
376  ,0.3943             ,0.17169999999999996,1.6509624361991881,0.4363068983200473 ,0.21284656879235886,2.006412982940674
377  ,0.39374            ,0.17147999999999997,1.6527552795410156,0.4362787989387801 ,0.21276227064855713,1.9653937816619873
378  ,0.39444            ,0.17198000000000002,1.651243715286255 ,0.4359283372113081 ,0.2125249869845227 ,1.9560596942901611
379  ,0.39486            ,0.17123999999999995,1.651046462059021 ,0.4358854076010388 ,0.21222604078937402,2.016141891479492
380  ,0.39326000000000005,0.17181999999999997,1.6493628907203675,0.43673307226926705,0.21293164747452908,2.084007978439331
381  ,0.39376            ,0.17196            ,1.650302906036377 ,0.43660896666867   ,0.21288481517241697,2.0103302001953125
382  ,0.39349999999999996,0.17156000000000005,1.6502563333511353,0.4359837554354741 ,0.2125835273621628 ,1.9159033298492432
383  ,0.39436000000000004,0.17079999999999995,1.6499921679496765,0.43649656914360113,0.21226272609269514,1.96381676197052
384  ,0.39392000000000005,0.17135999999999996,1.6501990723609925,0.4363740246197412 ,0.2127833451845076 ,1.8612139225006104
385  ,0.3944             ,0.17179999999999995,1.6508662629127502,0.4357199334669095 ,0.2127817841077705 ,1.960961103439331
386  ,0.39536000000000004,0.17220000000000002,1.6510561800003052,0.43589243244635556,0.2120878854981435 ,2.0422167778015137
387  ,0.39403999999999995,0.17132000000000003,1.6496809244155883,0.4363630970825817 ,0.21268890004191487,2.0444071292877197
388  ,0.39422            ,0.17200000000000004,1.6496447777748109,0.43549591895514017,0.21245005530114336,1.9546632766723633
389  ,0.39402000000000004,0.17171999999999998,1.6525780987739562,0.43629597078288784,0.21231892485522963,1.9264973402023315
390  ,0.39422            ,0.17154000000000003,1.6495667123794555,0.4364161736916421 ,0.21241180892108524,1.9351860284805298
391  ,0.39458000000000004,0.17201999999999995,1.6502821135520935,0.43598999974242236,0.21270997457786534,1.892309546470642
392  ,0.39464            ,0.17162            ,1.6506765365600586,0.43653871821550194,0.21285827686788683,1.8665776252746582
393  ,0.3941             ,0.17186            ,1.650919668674469 ,0.43628348216899127,0.21268968058028348,2.0514423847198486
394  ,0.39344            ,0.17113999999999996,1.6489854550361633,0.4363771467732154 ,0.21255230582742135,1.8857016563415527
395  ,0.39456            ,0.17168000000000005,1.65083101272583  ,0.43642788176717007,0.21264597043164557,1.890779972076416
396  ,0.39368000000000003,0.17110000000000003,1.6496319890022277,0.43565983201253233,0.2122853617053827 ,2.0174386501312256
397  ,0.39493999999999996,0.17076000000000002,1.6513740563392638,0.43613283826386406,0.21265455635369945,1.842015027999878
398  ,0.39459999999999995,0.17171999999999998,1.6493063688278198,0.43564109909168747,0.21261318782016703,1.9099395275115967
399  ,0.39352            ,0.17171999999999998,1.649168930053711 ,0.43579486515028876,0.21241571161292794,1.859471082687378
400  ,0.39364            ,0.17122000000000004,1.6497600150108338,0.4361671819520796 ,0.21226740932290633,2.020566701889038
401  ,0.39424000000000003,0.17166000000000003,1.6480052709579467,0.4360126353551098 ,0.2127294880370787 ,2.0154826641082764
